"SA32023_V1_00","leave_SA3","ur_address_18","wp_address_18","ur_address_23","wp_address_23"
"50010","0",1257,1257,1479,1479
"50010","1",1263,405,1494,465
"50010","total",2523,1662,2976,1947
"50020","0",-999,-999,-999,-999
"50020","1",-999,12,9,21
"50020","total",9,18,9,21
"50030","0",924,924,1302,1302
"50030","1",597,252,819,228
"50030","total",1524,1176,2118,1527
"50040","0",624,624,660,660
"50040","1",414,120,492,210
"50040","total",1035,744,1149,870
"50050","0",243,243,315,315
"50050","1",414,27,486,45
"50050","total",657,270,798,357
"50060","0",1002,1002,1188,1188
"50060","1",462,120,624,144
"50060","total",1464,1122,1812,1332
"50070","0",1122,1122,1308,1308
"50070","1",345,1893,417,2277
"50070","total",1464,3015,1725,3588
"50080","0",531,531,675,675
"50080","1",915,360,981,420
"50080","total",1446,891,1659,1095
"50090","0",1488,1488,1809,1809
"50090","1",1335,606,1692,687
"50090","total",2826,2097,3504,2499
"50100","0",471,471,639,639
"50100","1",591,837,672,1143
"50100","total",1062,1308,1308,1779
"50110","0",1869,1869,2142,2142
"50110","1",795,726,1023,786
"50110","total",2664,2595,3165,2925
"50120","0",1698,1698,2142,2142
"50120","1",837,1953,984,2211
"50120","total",2535,3654,3129,4353
"50130","0",822,822,1137,1137
"50130","1",519,957,621,1092
"50130","total",1341,1776,1758,2229
"50140","0",1290,1290,1473,1473
"50140","1",1656,618,1917,774
"50140","total",2949,1908,3390,2247
"50160","0",1455,1455,1932,1932
"50160","1",2874,459,3126,549
"50160","total",4332,1914,5061,2484
"50170","0",1119,1119,1344,1344
"50170","1",2253,429,2664,507
"50170","total",3372,1548,4011,1854
"50180","0",894,894,1185,1185
"50180","1",2649,1425,3243,1632
"50180","total",3540,2319,4428,2817
"50190","0",342,342,477,477
"50190","1",1740,483,2346,576
"50190","total",2085,825,2823,1053
"50200","0",600,600,639,639
"50200","1",1041,345,1155,366
"50200","total",1641,945,1797,1002
"50210","0",78,78,93,93
"50210","1",312,96,369,123
"50210","total",390,171,465,216
"50220","0",171,171,225,225
"50220","1",858,303,993,354
"50220","total",1029,477,1221,579
"50230","0",501,501,540,540
"50230","1",1551,1170,1836,1266
"50230","total",2052,1671,2373,1803
"50240","0",645,645,708,708
"50240","1",585,9039,741,10605
"50240","total",1227,9681,1446,11313
"50250","0",135,135,189,189
"50250","1",777,153,795,219
"50250","total",909,288,984,408
"50260","0",183,183,183,183
"50260","1",858,342,1053,489
"50260","total",1041,525,1233,672
"50270","0",183,183,246,246
"50270","1",384,1719,471,2478
"50270","total",564,1902,717,2724
"50280","0",162,162,219,219
"50280","1",741,384,900,423
"50280","total",906,549,1119,642
"50290","0",537,537,570,570
"50290","1",987,4020,1287,4644
"50290","total",1527,4557,1860,5214
"50300","0",426,426,558,558
"50300","1",1842,306,2016,309
"50300","total",2265,729,2574,870
"50310","0",1371,1371,1896,1896
"50310","1",1053,885,1446,942
"50310","total",2427,2256,3345,2841
"50320","0",555,555,789,789
"50320","1",384,243,585,342
"50320","total",939,798,1374,1128
"50330","0",3390,3390,3663,3663
"50330","1",273,339,639,582
"50330","total",3666,3729,4302,4248
"50340","0",1908,1908,2334,2334
"50340","1",621,435,1083,645
"50340","total",2529,2343,3417,2979
"50350","0",1062,1062,1863,1863
"50350","1",513,228,909,498
"50350","total",1575,1290,2772,2364
"50380","0",288,288,459,459
"50380","1",39,15,57,33
"50380","total",330,303,516,492
"50390","0",2058,2058,2640,2640
"50390","1",1707,1119,1668,1599
"50390","total",3765,3177,4308,4242
"50400","0",12,12,-999,-999
"50400","1",24,9,-999,30
"50400","total",36,21,9,33
"50410","0",1266,1266,1752,1752
"50410","1",2751,717,2883,849
"50410","total",4017,1983,4632,2598
"50420","0",1161,1161,1659,1659
"50420","1",1098,2064,1206,2400
"50420","total",2259,3222,2865,4059
"50430","0",756,756,996,996
"50430","1",1416,372,1398,378
"50430","total",2175,1128,2394,1374
"50440","0",381,381,591,591
"50440","1",1329,264,1248,312
"50440","total",1707,642,1839,903
"50460","0",1260,1260,1734,1734
"50460","1",2766,600,2640,810
"50460","total",4023,1857,4377,2547
"50470","0",492,492,780,780
"50470","1",1542,327,1557,378
"50470","total",2034,819,2340,1161
"50480","0",1059,1059,2133,2133
"50480","1",2661,2010,3366,2358
"50480","total",3717,3066,5499,4491
"50490","0",111,111,234,234
"50490","1",663,36,537,57
"50490","total",774,144,771,291
"50500","0",864,864,1242,1242
"50500","1",1902,687,2070,876
"50500","total",2766,1551,3315,2121
"50510","0",522,522,969,969
"50510","1",1782,498,1950,504
"50510","total",2304,1023,2919,1470
"50520","0",726,726,2442,2442
"50520","1",2199,4455,3180,6240
"50520","total",2925,5178,5625,8682
"50530","0",561,561,849,849
"50530","1",1683,735,1674,963
"50530","total",2244,1299,2523,1812
"50540","0",717,717,1308,1308
"50540","1",2907,810,3183,978
"50540","total",3621,1524,4491,2286
"50550","0",477,477,1032,1032
"50550","1",1992,690,1818,327
"50550","total",2472,1170,2853,1359
"50560","0",186,186,342,342
"50560","1",666,54,570,111
"50560","total",849,237,912,453
"50570","0",981,981,1731,1731
"50570","1",3630,1455,3516,1701
"50570","total",4614,2436,5250,3435
"50580","0",546,546,864,864
"50580","1",1980,414,1878,414
"50580","total",2529,960,2745,1275
"50590","0",168,168,312,312
"50590","1",801,96,762,81
"50590","total",969,264,1077,396
"50600","0",138,138,216,216
"50600","1",558,42,474,42
"50600","total",693,180,690,261
"50610","0",1005,1005,2028,2028
"50610","1",2442,2640,3417,3051
"50610","total",3447,3645,5445,5082
"50620","0",1065,1065,2043,2043
"50620","1",3312,8049,3747,8751
"50620","total",4380,9114,5790,10794
"50630","0",387,387,564,564
"50630","1",1296,1008,1158,615
"50630","total",1680,1395,1722,1176
"50640","0",255,255,495,495
"50640","1",1551,219,1539,258
"50640","total",1806,474,2037,753
"50650","0",705,705,1392,1392
"50650","1",3471,522,3375,561
"50650","total",4176,1224,4764,1953
"50660","0",117,117,570,570
"50660","1",528,216,981,411
"50660","total",645,333,1551,984
"50670","0",1233,1233,2358,2358
"50670","1",6603,687,5964,735
"50670","total",7836,1923,8322,3090
"50680","0",189,189,423,423
"50680","1",1371,306,1371,261
"50680","total",1563,498,1797,684
"50690","0",195,195,423,423
"50690","1",1434,321,1296,345
"50690","total",1629,513,1722,771
"50700","0",264,264,618,618
"50700","1",2073,405,2025,435
"50700","total",2337,669,2640,1053
"50710","0",780,780,1467,1467
"50710","1",3969,1611,3660,1788
"50710","total",4749,2391,5124,3252
"50720","0",240,240,459,459
"50720","1",1176,240,1014,207
"50720","total",1419,480,1473,669
"50730","0",249,249,531,531
"50730","1",1635,468,1710,516
"50730","total",1884,720,2244,1050
"50740","0",393,393,717,717
"50740","1",1884,309,1671,354
"50740","total",2277,702,2388,1074
"50750","0",174,174,171,171
"50750","1",228,22992,165,20601
"50750","total",402,23163,336,20775
"50760","0",105,105,180,180
"50760","1",549,561,510,591
"50760","total",651,666,693,774
"50770","0",486,486,789,789
"50770","1",2187,558,2115,576
"50770","total",2673,1044,2904,1365
"50780","0",246,246,453,453
"50780","1",1164,108,1017,129
"50780","total",1410,354,1470,585
"50790","0",273,273,627,627
"50790","1",2325,504,2271,402
"50790","total",2601,777,2901,1029
"50800","0",309,309,738,738
"50800","1",2721,375,2415,342
"50800","total",3027,681,3156,1083
"50810","0",498,498,1209,1209
"50810","1",4095,696,3912,741
"50810","total",4593,1197,5121,1950
"50820","0",402,402,633,633
"50820","1",1800,270,1716,261
"50820","total",2202,672,2349,891
"50830","0",267,267,627,627
"50830","1",3066,384,2718,237
"50830","total",3330,648,3348,864
"50840","0",1719,1719,2859,2859
"50840","1",6519,10797,5961,11049
"50840","total",8235,12513,8823,13911
"50850","0",2850,2850,3648,3648
"50850","1",1185,390,822,405
"50850","total",4035,3240,4467,4053
"50860","0",612,612,1023,1023
"50860","1",2232,306,1977,327
"50860","total",2844,918,3000,1350
"50870","0",222,222,318,318
"50870","1",522,159,612,243
"50870","total",747,381,930,564
"50880","0",123,123,462,462
"50880","1",897,753,1419,924
"50880","total",1023,879,1878,1383
"50890","0",642,642,1146,1146
"50890","1",1296,1908,2367,1767
"50890","total",1941,2550,3510,2913
"50900","0",621,621,1419,1419
"50900","1",4416,306,3954,354
"50900","total",5037,927,5370,1770
"50910","0",378,378,2481,2481
"50910","1",2118,999,5079,2928
"50910","total",2496,1377,7560,5409
"50920","0",711,711,1239,1239
"50920","1",4320,696,4032,642
"50920","total",5031,1410,5268,1878
"50930","0",111,111,435,435
"50930","1",660,2436,1098,4614
"50930","total",774,2550,1536,5049
"50940","0",1023,1023,2127,2127
"50940","1",8688,1005,8799,1179
"50940","total",9711,2028,10929,3306
"50950","0",972,972,1974,1974
"50950","1",4854,1323,4965,1416
"50950","total",5826,2295,6939,3390
"50960","0",4338,4338,6399,6399
"50960","1",11148,15237,10695,16875
"50960","total",15486,19578,17088,23271
"50970","0",432,432,1047,1047
"50970","1",4494,459,4467,552
"50970","total",4926,891,5511,1596
"50980","0",693,693,1545,1545
"50980","1",5835,1248,5691,1272
"50980","total",6525,1944,7236,2817
"50990","0",402,402,1011,1011
"50990","1",4197,300,3804,306
"50990","total",4599,702,4812,1317
"51000","0",621,621,1095,1095
"51000","1",2922,1809,2694,1872
"51000","total",3543,2430,3786,2967
"51010","0",1239,1239,1812,1812
"51010","1",2523,16317,2379,15129
"51010","total",3762,17553,4191,16941
"51020","0",516,516,1212,1212
"51020","1",4038,855,3624,852
"51020","total",4557,1368,4836,2061
"51030","0",585,585,1257,1257
"51030","1",4542,507,4407,492
"51030","total",5127,1095,5664,1749
"51040","0",627,627,1149,1149
"51040","1",2997,4572,3207,3648
"51040","total",3621,5196,4356,4794
"51050","0",885,885,1629,1629
"51050","1",4257,1977,3864,1932
"51050","total",5142,2859,5490,3558
"51060","0",267,267,621,621
"51060","1",1698,237,1635,243
"51060","total",1965,504,2259,864
"51070","0",174,174,366,366
"51070","1",1206,444,1086,498
"51070","total",1377,618,1452,861
"51080","0",339,339,699,699
"51080","1",1581,258,1455,366
"51080","total",1923,597,2151,1065
"51090","0",207,207,363,363
"51090","1",1119,162,1029,153
"51090","total",1326,372,1392,516
"51100","0",228,228,507,507
"51100","1",1401,444,1254,546
"51100","total",1632,672,1761,1056
"51110","0",261,261,432,432
"51110","1",1398,513,1170,405
"51110","total",1662,777,1605,840
"51120","0",717,717,1062,1062
"51120","1",1806,1488,1536,1389
"51120","total",2526,2208,2598,2451
"51130","0",441,441,540,540
"51130","1",606,1386,603,1800
"51130","total",1050,1827,1146,2340
"51140","0",237,237,351,351
"51140","1",1005,1029,831,1011
"51140","total",1239,1266,1182,1365
"51150","0",9603,9603,11514,11514
"51150","1",8295,89817,8151,74454
"51150","total",17901,99423,19668,85965
"51160","0",288,288,441,441
"51160","1",1272,396,1083,384
"51160","total",1557,684,1524,825
"51170","0",606,606,936,936
"51170","1",2601,2430,2262,2511
"51170","total",3207,3033,3195,3447
"51180","0",462,462,693,693
"51180","1",2100,3891,1758,3957
"51180","total",2565,4353,2451,4653
"51190","0",495,495,879,879
"51190","1",2145,576,1968,660
"51190","total",2640,1071,2847,1536
"51200","0",1011,1011,1506,1506
"51200","1",3180,9405,2907,8736
"51200","total",4191,10416,4413,10242
"51210","0",465,465,852,852
"51210","1",2337,1095,2037,1083
"51210","total",2802,1554,2889,1935
"51220","0",618,618,1164,1164
"51220","1",3258,993,3045,1191
"51220","total",3876,1611,4209,2355
"51230","0",279,279,606,606
"51230","1",1173,11442,1320,13701
"51230","total",1455,11721,1926,14310
"51240","0",1086,1086,1872,1872
"51240","1",4266,1173,4008,1191
"51240","total",5352,2256,5883,3066
"51250","0",396,396,672,672
"51250","1",1794,813,1671,843
"51250","total",2190,1209,2346,1515
"51260","0",780,780,1311,1311
"51260","1",3192,837,2892,870
"51260","total",3972,1617,4203,2181
"51270","0",414,414,657,657
"51270","1",1710,570,1563,621
"51270","total",2121,984,2220,1278
"51280","0",567,567,1002,1002
"51280","1",3417,492,3378,501
"51280","total",3984,1059,4383,1506
"51290","0",771,771,1185,1185
"51290","1",3303,636,3003,543
"51290","total",4071,1407,4185,1725
"51300","0",1563,1563,2922,2922
"51300","1",8481,9213,7827,9408
"51300","total",10044,10773,10752,12330
"51310","0",276,276,654,654
"51310","1",2877,1035,2787,1152
"51310","total",3153,1311,3441,1803
"51320","0",207,207,471,471
"51320","1",1935,1140,2007,1059
"51320","total",2142,1350,2478,1533
"51330","0",168,168,564,564
"51330","1",2286,183,2319,207
"51330","total",2451,351,2886,774
"51340","0",984,984,2085,2085
"51340","1",7257,1833,6948,1980
"51340","total",8241,2820,9033,4065
"51350","0",1314,1314,2568,2568
"51350","1",7701,5361,7161,5400
"51350","total",9012,6675,9729,7968
"51360","0",1296,1296,2436,2436
"51360","1",6069,909,5322,900
"51360","total",7368,2205,7758,3333
"51370","0",276,276,528,528
"51370","1",1683,543,1560,606
"51370","total",1959,816,2088,1134
"51380","0",1365,1365,2127,2127
"51380","1",5454,8295,4746,8079
"51380","total",6819,9660,6873,10206
"51390","0",240,240,582,582
"51390","1",1821,4905,1722,4179
"51390","total",2064,5148,2307,4764
"51400","0",2640,2640,4311,4311
"51400","1",10314,5268,9558,5196
"51400","total",12954,7908,13869,9507
"51410","0",222,222,474,474
"51410","1",1869,1599,1596,1638
"51410","total",2091,1821,2070,2109
"51420","0",288,288,504,504
"51420","1",1065,12996,1002,12036
"51420","total",1353,13281,1503,12537
"51430","0",2379,2379,4122,4122
"51430","1",10554,8484,9741,8319
"51430","total",12933,10866,13863,12441
"51440","0",1680,1680,2877,2877
"51440","1",8073,6678,7416,6387
"51440","total",9750,8355,10293,9264
"51450","0",297,297,522,522
"51450","1",2091,1620,1731,1755
"51450","total",2388,1917,2256,2277
"51460","0",1821,1821,2835,2835
"51460","1",7197,9378,7020,8610
"51460","total",9018,11199,9855,11445
"51470","0",150,150,396,396
"51470","1",1467,159,1491,201
"51470","total",1617,309,1887,597
"51480","0",618,618,1410,1410
"51480","1",5397,885,4848,834
"51480","total",6015,1503,6261,2244
"51490","0",513,513,975,975
"51490","1",3570,2463,3294,1854
"51490","total",4083,2976,4269,2829
"51500","0",246,246,534,534
"51500","1",2085,225,1896,267
"51500","total",2328,471,2433,801
"51510","0",312,312,732,732
"51510","1",3012,297,2889,366
"51510","total",3321,609,3621,1095
"51520","0",204,204,348,348
"51520","1",1602,2487,1341,1734
"51520","total",1806,2691,1689,2082
"51530","0",1326,1326,2631,2631
"51530","1",10347,1758,9543,1932
"51530","total",11673,3087,12174,4563
"51540","0",234,234,483,483
"51540","1",1647,1752,1647,1647
"51540","total",1884,1989,2130,2133
"51550","0",330,330,636,636
"51550","1",2202,2067,2046,1866
"51550","total",2529,2397,2679,2499
"51560","0",615,615,1380,1380
"51560","1",4806,1449,4896,1347
"51560","total",5421,2067,6273,2727
"51570","0",1362,1362,2226,2226
"51570","1",7038,9645,6507,9129
"51570","total",8400,11010,8733,11355
"51580","0",297,297,735,735
"51580","1",2886,369,2787,366
"51580","total",3183,669,3525,1104
"51590","0",405,405,870,870
"51590","1",3147,582,2958,789
"51590","total",3552,990,3828,1659
"51600","0",123,123,225,225
"51600","1",945,129,888,117
"51600","total",1068,249,1113,339
"51610","0",558,558,1050,1050
"51610","1",3870,1791,3771,1608
"51610","total",4428,2346,4818,2658
"51620","0",303,303,579,579
"51620","1",3210,1788,3324,1404
"51620","total",3510,2091,3906,1986
"51630","0",336,336,663,663
"51630","1",2259,300,2208,345
"51630","total",2598,639,2874,1008
"51640","0",294,294,834,834
"51640","1",2538,444,3261,597
"51640","total",2832,738,4095,1431
"51650","0",144,144,252,252
"51650","1",798,312,717,315
"51650","total",942,459,966,567
"51660","0",510,510,885,885
"51660","1",2487,4824,2274,5226
"51660","total",2994,5337,3159,6111
"51670","0",465,465,879,879
"51670","1",3165,885,2877,951
"51670","total",3627,1350,3756,1827
"51680","0",105,105,285,285
"51680","1",1308,183,1386,255
"51680","total",1413,285,1674,540
"51690","0",261,261,636,636
"51690","1",1758,330,1545,645
"51690","total",2019,594,2181,1278
"51700","0",846,846,1395,1395
"51700","1",4032,11394,3660,9585
"51700","total",4878,12243,5058,10980
"51710","0",2253,2253,3678,3678
"51710","1",9537,19134,9282,19257
"51710","total",11793,21390,12957,22932
"51720","0",336,336,699,699
"51720","1",2883,2235,2799,2025
"51720","total",3219,2571,3498,2727
"51730","0",129,129,222,222
"51730","1",873,162,852,189
"51730","total",1002,291,1074,411
"51740","0",303,303,573,573
"51740","1",2091,312,2076,294
"51740","total",2394,609,2649,870
"51750","0",102,102,108,108
"51750","1",279,24576,237,22140
"51750","total",378,24675,345,22248
"51760","0",489,489,807,807
"51760","1",3654,1812,3501,1755
"51760","total",4143,2301,4308,2559
"51770","0",213,213,348,348
"51770","1",1527,846,1470,717
"51770","total",1743,1059,1818,1065
"51780","0",315,315,537,537
"51780","1",2415,552,2331,495
"51780","total",2733,864,2871,1035
"51790","0",486,486,825,825
"51790","1",3564,2040,3363,1908
"51790","total",4050,2526,4188,2730
"51800","0",144,144,246,246
"51800","1",1014,237,912,342
"51800","total",1155,378,1158,588
"51810","0",69,69,159,159
"51810","1",756,72,666,27
"51810","total",825,141,825,186
"51820","0",1122,1122,1434,1434
"51820","1",2391,30897,2202,34014
"51820","total",3516,32019,3636,35448
"51830","0",858,858,1335,1335
"51830","1",4602,8427,4413,8454
"51830","total",5463,9288,5745,9786
"51840","0",216,216,384,384
"51840","1",918,150,954,141
"51840","total",1131,366,1338,525
"51850","0",342,342,528,528
"51850","1",1521,522,1485,501
"51850","total",1860,867,2016,1029
"51860","0",651,651,1335,1335
"51860","1",2454,468,2706,558
"51860","total",3108,1119,4041,1890
"51870","0",810,810,1365,1365
"51870","1",4299,2025,4251,2028
"51870","total",5109,2838,5613,3393
"51880","0",1029,1029,1341,1341
"51880","1",2190,891,2289,1047
"51880","total",3219,1920,3630,2388
"51890","0",336,336,543,543
"51890","1",1731,285,1692,234
"51890","total",2067,621,2235,777
"51900","0",228,228,330,330
"51900","1",1167,147,1200,144
"51900","total",1392,375,1524,471
"51910","0",267,267,498,498
"51910","1",1686,666,1551,714
"51910","total",1953,930,2049,1212
"51920","0",258,258,522,522
"51920","1",2079,399,1848,441
"51920","total",2340,657,2373,963
"51930","0",255,255,441,441
"51930","1",1494,309,1392,336
"51930","total",1746,564,1833,780
"51940","0",336,336,597,597
"51940","1",2295,447,2172,432
"51940","total",2628,780,2772,1032
"51950","0",222,222,378,378
"51950","1",969,66,825,72
"51950","total",1188,285,1206,450
"51960","0",1851,1851,2460,2460
"51960","1",5565,24681,5259,27135
"51960","total",7416,26535,7719,29595
"51970","0",1698,1698,2352,2352
"51970","1",3807,2754,4209,3801
"51970","total",5505,4449,6561,6153
"51980","0",603,603,993,993
"51980","1",6249,2436,5802,2325
"51980","total",6852,3039,6795,3315
"51990","0",2358,2358,3732,3732
"51990","1",16506,3993,16725,4203
"51990","total",18864,6351,20460,7938
"52000","0",1911,1911,4923,4923
"52000","1",12504,2667,17070,3030
"52000","total",14412,4575,21993,7956
"52010","0",1023,1023,1800,1800
"52010","1",8022,6057,7914,7332
"52010","total",9042,7080,9714,9135
"52020","0",213,213,387,387
"52020","1",3012,156,2802,243
"52020","total",3225,369,3186,630
"52030","0",312,312,393,393
"52030","1",1260,14616,1278,15072
"52030","total",1572,14928,1671,15465
"52040","0",225,225,387,387
"52040","1",1803,207,1656,237
"52040","total",2028,435,2043,627
"52050","0",270,270,429,429
"52050","1",1689,393,1554,363
"52050","total",1959,663,1980,792
"52060","0",300,300,516,516
"52060","1",1050,12540,1506,15258
"52060","total",1353,12840,2025,15774
"52070","0",87,87,264,264
"52070","1",1185,81,1227,60
"52070","total",1275,168,1488,321
"52080","0",177,177,270,270
"52080","1",1443,225,1401,267
"52080","total",1620,405,1671,537
"52090","0",228,228,441,441
"52090","1",2352,288,2187,375
"52090","total",2583,516,2628,819
"52100","0",1194,1194,1986,1986
"52100","1",10647,3228,10503,3471
"52100","total",11841,4422,12492,5457
"52110","0",687,687,1536,1536
"52110","1",3951,4635,4872,5244
"52110","total",4638,5325,6408,6780
"52120","0",165,165,291,291
"52120","1",2073,264,1953,315
"52120","total",2241,429,2244,606
"52130","0",204,204,417,417
"52130","1",2559,531,2478,657
"52130","total",2763,738,2898,1071
"52140","0",330,330,591,591
"52140","1",3825,387,3744,366
"52140","total",4155,717,4335,957
"52150","0",1407,1407,1845,1845
"52150","1",2427,1443,2598,1701
"52150","total",3834,2856,4446,3546
"52160","0",240,240,525,525
"52160","1",1860,147,2295,351
"52160","total",2103,390,2823,876
"52170","0",363,363,669,669
"52170","1",3342,270,3276,294
"52170","total",3705,633,3945,960
"52180","0",297,297,753,753
"52180","1",1674,504,1953,873
"52180","total",1974,801,2706,1626
"52190","0",474,474,663,663
"52190","1",1281,219,1347,207
"52190","total",1755,693,2013,873
"52200","0",1737,1737,3042,3042
"52200","1",7197,5088,9519,5592
"52200","total",8934,6825,12561,8637
"52210","0",159,159,279,279
"52210","1",1398,219,1296,240
"52210","total",1557,378,1575,519
"52220","0",75,75,147,147
"52220","1",879,60,786,48
"52220","total",954,135,933,192
"52230","0",126,126,237,237
"52230","1",1218,126,1278,138
"52230","total",1344,249,1515,381
"52240","0",168,168,246,246
"52240","1",1446,405,1434,534
"52240","total",1614,570,1680,780
"52250","0",102,102,159,159
"52250","1",297,1329,591,1296
"52250","total",396,1431,750,1452
"52260","0",633,633,714,714
"52260","1",1368,828,1443,1017
"52260","total",2001,1461,2157,1731
"52270","0",273,273,414,414
"52270","1",1446,906,1527,1347
"52270","total",1719,1179,1941,1761
"52280","0",414,414,669,669
"52280","1",2436,501,2637,591
"52280","total",2850,915,3306,1260
"52290","0",297,297,750,750
"52290","1",2328,438,3297,567
"52290","total",2625,735,4044,1314
"52300","0",246,246,387,387
"52300","1",1317,477,1464,624
"52300","total",1560,723,1848,1008
"52310","0",279,279,324,324
"52310","1",603,4710,540,5442
"52310","total",879,4986,867,5769
"52320","0",1188,1188,1590,1590
"52320","1",2670,870,2580,906
"52320","total",3861,2058,4170,2496
"52330","0",1005,1005,954,954
"52330","1",114,75,183,192
"52330","total",1119,1080,1137,1146
"52340","0",882,882,1179,1179
"52340","1",399,153,576,222
"52340","total",1281,1035,1755,1401
"52360","0",1803,1803,2034,2034
"52360","1",237,333,381,477
"52360","total",2037,2133,2415,2508
"52370","0",495,495,561,561
"52370","1",711,144,870,195
"52370","total",1203,639,1434,756
"52380","0",702,702,846,846
"52380","1",168,81,207,108
"52380","total",873,783,1056,954
"52390","0",1917,1917,1998,1998
"52390","1",324,1392,495,1749
"52390","total",2244,3309,2490,3744
"52400","0",1233,1233,1557,1557
"52400","1",174,138,261,222
"52400","total",1407,1371,1821,1776
"52410","0",1503,1503,1656,1656
"52410","1",798,243,1377,504
"52410","total",2301,1749,3033,2160
"52420","0",1311,1311,1443,1443
"52420","1",453,516,951,786
"52420","total",1761,1824,2388,2226
"52430","0",1773,1773,2076,2076
"52430","1",498,498,906,807
"52430","total",2271,2268,2985,2880
"52440","0",1983,1983,2373,2373
"52440","1",1332,636,2616,1308
"52440","total",3315,2619,4989,3684
"52450","0",771,771,1089,1089
"52450","1",1356,561,2388,894
"52450","total",2127,1335,3477,1983
"52460","0",396,396,1149,1149
"52460","1",1170,456,2889,1332
"52460","total",1566,852,4035,2481
"52470","0",1593,1593,1899,1899
"52470","1",1950,318,2991,723
"52470","total",3543,1911,4890,2622
"52490","0",1554,1554,1761,1761
"52490","1",1113,738,2169,1221
"52490","total",2670,2292,3933,2982
"52500","0",1623,1623,2076,2076
"52500","1",2334,1146,3693,1965
"52500","total",3957,2769,5769,4041
"52510","0",720,720,1068,1068
"52510","1",1287,933,2697,1803
"52510","total",2010,1656,3765,2871
"52520","0",750,750,1047,1047
"52520","1",1674,324,2394,606
"52520","total",2424,1074,3438,1650
"52530","0",1494,1494,2007,2007
"52530","1",735,99,1011,210
"52530","total",2226,1593,3018,2217
"52540","0",780,780,1062,1062
"52540","1",1431,504,2190,1077
"52540","total",2211,1287,3249,2139
"52550","0",1254,1254,1323,1323
"52550","1",894,561,1200,849
"52550","total",2148,1812,2526,2172
"52560","0",1059,1059,1110,1110
"52560","1",609,891,750,1338
"52560","total",1671,1950,1863,2448
"52570","0",807,807,927,927
"52570","1",690,549,846,789
"52570","total",1497,1353,1770,1713
"52580","0",1566,1566,1887,1887
"52580","1",1296,1269,2106,1725
"52580","total",2862,2832,3993,3612
"52590","0",1761,1761,1731,1731
"52590","1",927,867,1158,1098
"52590","total",2688,2628,2889,2826
"52600","0",1992,1992,2304,2304
"52600","1",963,1200,1467,1485
"52600","total",2952,3189,3771,3789
"52610","0",168,168,270,270
"52610","1",201,14790,348,19419
"52610","total",369,14955,621,19689
"52620","0",675,675,1257,1257
"52620","1",3345,750,4473,1224
"52620","total",4020,1422,5733,2481
"52630","0",687,687,1272,1272
"52630","1",3384,369,4659,729
"52630","total",4077,1059,5931,2001
"52640","0",276,276,360,360
"52640","1",1734,153,1932,201
"52640","total",2007,432,2292,564
"52650","0",168,168,243,243
"52650","1",852,111,996,135
"52650","total",1017,276,1239,378
"52660","0",270,270,429,429
"52660","1",1806,393,2172,420
"52660","total",2076,663,2604,852
"52670","0",558,558,882,882
"52670","1",2967,606,3537,819
"52670","total",3528,1164,4419,1701
"52680","0",396,396,546,546
"52680","1",1854,1038,2325,1467
"52680","total",2247,1434,2868,2013
"52690","0",453,453,657,657
"52690","1",2160,783,2760,891
"52690","total",2613,1236,3411,1545
"52700","0",144,144,228,228
"52700","1",798,321,891,294
"52700","total",939,462,1119,522
"52710","0",423,423,648,648
"52710","1",3270,486,3978,561
"52710","total",3690,909,4626,1209
"52720","0",105,105,129,129
"52720","1",801,180,996,252
"52720","total",906,285,1125,381
"52730","0",180,180,264,264
"52730","1",1281,237,1452,258
"52730","total",1458,414,1716,522
"52740","0",135,135,192,192
"52740","1",897,402,1011,390
"52740","total",1035,534,1200,582
"52750","0",159,159,231,231
"52750","1",1164,60,1305,48
"52750","total",1323,222,1539,279
"52760","0",750,750,870,870
"52760","1",1713,9027,2331,10443
"52760","total",2466,9777,3201,11313
"52770","0",420,420,606,606
"52770","1",2790,513,3183,639
"52770","total",3207,930,3786,1242
"52780","0",408,408,759,759
"52780","1",1281,4794,1557,7608
"52780","total",1689,5199,2316,8367
"52790","0",78,78,117,117
"52790","1",255,36,408,57
"52790","total",336,114,525,174
"52800","0",240,240,291,291
"52800","1",1596,507,2322,528
"52800","total",1836,744,2613,822
"52810","0",54,54,114,114
"52810","1",636,243,744,201
"52810","total",690,300,858,318
"52820","0",81,81,285,285
"52820","1",276,1518,1065,2610
"52820","total",357,1599,1350,2892
"52830","0",159,159,225,225
"52830","1",1068,147,1350,177
"52830","total",1227,306,1575,402
"52840","0",174,174,270,270
"52840","1",1215,471,1650,525
"52840","total",1389,645,1920,795
"52850","0",405,405,501,501
"52850","1",2121,1137,2874,1197
"52850","total",2523,1542,3375,1698
"52860","0",168,168,231,231
"52860","1",1077,534,1155,573
"52860","total",1245,702,1386,807
"52870","0",420,420,564,564
"52870","1",582,13548,795,16104
"52870","total",1002,13968,1359,16668
"52880","0",702,702,975,975
"52880","1",2760,2748,3402,2532
"52880","total",3465,3450,4374,3504
"52890","0",60,60,135,135
"52890","1",642,192,765,321
"52890","total",702,249,903,453
"52900","0",306,306,471,471
"52900","1",1848,711,2466,765
"52900","total",2151,1017,2937,1236
"52910","0",204,204,324,324
"52910","1",846,957,942,1089
"52910","total",1053,1164,1266,1413
"52920","0",66,66,111,111
"52920","1",657,78,771,69
"52920","total",720,147,882,180
"52930","0",171,171,288,288
"52930","1",1080,177,1605,261
"52930","total",1248,345,1893,546
"52940","0",249,249,312,312
"52940","1",1539,333,1983,285
"52940","total",1785,582,2298,600
"52950","0",1452,1452,1716,1716
"52950","1",2037,1203,2892,2115
"52950","total",3486,2655,4605,3831
"52960","0",1461,1461,1674,1674
"52960","1",1377,624,1881,1203
"52960","total",2838,2088,3552,2874
"52970","0",1233,1233,1449,1449
"52970","1",1608,585,2403,678
"52970","total",2844,1818,3849,2127
"52980","0",369,369,498,498
"52980","1",714,1041,960,2076
"52980","total",1080,1407,1455,2574
"52990","0",270,270,594,594
"52990","1",978,309,1632,399
"52990","total",1248,576,2223,993
"53000","0",573,573,675,675
"53000","1",711,2274,990,3111
"53000","total",1281,2850,1665,3786
"53010","0",822,822,1242,1242
"53010","1",2376,474,3147,888
"53010","total",3198,1296,4386,2127
"53020","0",666,666,888,888
"53020","1",1977,600,2754,738
"53020","total",2643,1269,3645,1626
"53030","0",780,780,933,933
"53030","1",819,2658,1206,3441
"53030","total",1599,3435,2139,4374
"53040","0",528,528,591,591
"53040","1",372,63,546,105
"53040","total",903,591,1134,696
"53060","0",2232,2232,2406,2406
"53060","1",639,642,1104,1437
"53060","total",2871,2877,3510,3846
"53070","0",2370,2370,2580,2580
"53070","1",801,696,1353,1074
"53070","total",3171,3069,3936,3657
"53080","0",477,477,480,480
"53080","1",195,702,279,1107
"53080","total",672,1179,756,1584
"53090","0",432,432,507,507
"53090","1",1389,177,1866,339
"53090","total",1821,609,2373,849
"53100","0",942,942,1032,1032
"53100","1",654,1266,1125,1644
"53100","total",1593,2208,2160,2676
"53110","0",1686,1686,1677,1677
"53110","1",477,420,657,525
"53110","total",2163,2106,2334,2199
"53130","0",1182,1182,1203,1203
"53130","1",327,612,471,804
"53130","total",1509,1797,1674,2007
"53140","0",2073,2073,2364,2364
"53140","1",486,438,822,639
"53140","total",2559,2514,3183,3003
"53150","0",1179,1179,1425,1425
"53150","1",1275,834,1653,1146
"53150","total",2454,2016,3075,2571
"53170","0",699,699,738,738
"53170","1",1041,1746,1248,2280
"53170","total",1740,2445,1983,3015
"53180","0",378,378,450,450
"53180","1",1317,213,1704,228
"53180","total",1692,591,2154,681
"53190","0",627,627,636,636
"53190","1",441,3465,585,4095
"53190","total",1068,4095,1221,4728
"53200","0",213,213,264,264
"53200","1",519,63,615,81
"53200","total",735,276,879,345
"53210","0",621,621,714,714
"53210","1",1371,771,1512,1005
"53210","total",1989,1392,2226,1719
"53220","0",207,207,249,249
"53220","1",714,189,759,198
"53220","total",921,396,1008,447
"53230","0",174,174,243,243
"53230","1",780,126,855,147
"53230","total",954,300,1095,387
"53240","0",87,87,201,201
"53240","1",240,189,459,315
"53240","total",324,273,660,516
"53250","0",1077,1077,1359,1359
"53250","1",966,282,1161,474
"53250","total",2046,1362,2520,1833
"53270","0",2292,2292,2571,2571
"53270","1",966,864,1515,1218
"53270","total",3255,3153,4083,3789
"53280","0",1302,1302,1506,1506
"53280","1",1323,645,1965,1230
"53280","total",2622,1947,3471,2736
"53290","0",357,357,765,765
"53290","1",582,135,1359,261
"53290","total",936,489,2121,1029
"53300","0",1155,1155,1371,1371
"53300","1",1596,300,2247,567
"53300","total",2751,1455,3615,1938
"53310","0",2394,2394,2622,2622
"53310","1",1584,1194,2214,2214
"53310","total",3978,3588,4836,4833
"53320","0",1479,1479,1668,1668
"53320","1",1374,1287,2154,2388
"53320","total",2853,2766,3822,4053
"53330","0",-999,-999,-999,-999
"53330","1",-999,27,-999,57
"53330","total",0,27,9,60
"53340","0",4521,4521,5460,5460
"53340","1",3792,9408,4260,11022
"53340","total",8313,13929,9723,16482
"53350","0",477,477,576,576
"53350","1",1674,285,1785,279
"53350","total",2151,759,2358,855
"53360","0",867,867,978,978
"53360","1",804,14367,927,17259
"53360","total",1671,15234,1905,18240
"53370","0",720,720,1005,1005
"53370","1",2604,573,2862,684
"53370","total",3324,1290,3867,1689
"53380","0",306,306,351,351
"53380","1",1317,411,1479,423
"53380","total",1623,717,1830,774
"53390","0",1290,1290,1740,1740
"53390","1",2520,3105,2874,5754
"53390","total",3810,4395,4614,7494
"53400","0",405,405,558,558
"53400","1",1881,405,2208,474
"53400","total",2283,807,2766,1032
"53410","0",144,144,177,177
"53410","1",831,195,969,267
"53410","total",978,339,1146,444
"53420","0",534,534,651,651
"53420","1",1443,2850,1755,3240
"53420","total",1977,3384,2406,3888
"53430","0",171,171,234,234
"53430","1",1140,282,1371,270
"53430","total",1311,456,1608,504
"53440","0",198,198,282,282
"53440","1",936,165,1008,171
"53440","total",1137,360,1287,453
"53450","0",825,825,1107,1107
"53450","1",3312,351,3924,378
"53450","total",4137,1176,5031,1482
"53460","0",111,111,132,132
"53460","1",681,75,855,96
"53460","total",792,183,984,228
"53470","0",423,423,615,615
"53470","1",1269,3366,1710,3660
"53470","total",1692,3789,2325,4278
"53480","0",180,180,219,219
"53480","1",999,162,1056,132
"53480","total",1182,345,1278,354
"53490","0",138,138,204,204
"53490","1",300,822,456,1311
"53490","total",441,957,663,1515
"53500","0",3237,3237,5874,5874
"53500","1",6822,1368,9072,2013
"53500","total",10062,4608,14949,7890
"53510","0",891,891,1629,1629
"53510","1",3198,810,4818,1137
"53510","total",4089,1698,6447,2769
"53520","0",243,243,393,393
"53520","1",1125,81,1512,78
"53520","total",1368,321,1908,477
"53530","0",762,762,969,969
"53530","1",1629,411,1830,444
"53530","total",2391,1173,2799,1410
"53540","0",1908,1908,1914,1914
"53540","1",1293,1032,1566,1473
"53540","total",3204,2940,3483,3390
"53550","0",429,429,552,552
"53550","1",1347,654,1545,705
"53550","total",1773,1083,2097,1254
"53570","0",168,168,234,234
"53570","1",1026,306,1260,372
"53570","total",1194,474,1494,606
"53580","0",234,234,297,297
"53580","1",1611,156,1791,186
"53580","total",1842,387,2091,483
"53590","0",111,111,138,138
"53590","1",729,63,810,69
"53590","total",837,171,951,207
"53600","0",99,99,108,108
"53600","1",393,408,441,585
"53600","total",492,507,552,696
"53610","0",117,117,144,144
"53610","1",630,87,624,114
"53610","total",747,207,771,258
"53620","0",84,84,138,138
"53620","1",531,162,597,219
"53620","total",615,246,732,354
"53630","0",45,45,51,51
"53630","1",327,102,375,153
"53630","total",372,147,426,204
"53640","0",99,99,126,126
"53640","1",525,78,645,108
"53640","total",627,180,771,234
"53650","0",237,237,219,219
"53650","1",492,3519,591,3693
"53650","total",726,3756,810,3915
"53660","0",435,435,519,519
"53660","1",1749,504,1998,636
"53660","total",2184,939,2517,1155
"53670","0",333,333,342,342
"53670","1",210,7392,243,8475
"53670","total",543,7725,585,8817
"53680","0",81,81,81,81
"53680","1",528,75,618,75
"53680","total",609,156,699,156
"53690","0",87,87,78,78
"53690","1",492,219,612,192
"53690","total",579,303,690,267
"53700","0",186,186,174,174
"53700","1",474,2103,504,2493
"53700","total",657,2286,678,2664
"53710","0",141,141,135,135
"53710","1",639,282,699,372
"53710","total",780,423,831,507
"53720","0",285,285,351,351
"53720","1",1200,282,1296,309
"53720","total",1485,567,1647,657
"53730","0",114,114,126,126
"53730","1",576,282,654,345
"53730","total",690,396,780,474
"53740","0",315,315,330,330
"53740","1",1299,297,1557,312
"53740","total",1614,609,1887,645
"53750","0",117,117,126,126
"53750","1",615,93,666,132
"53750","total",732,210,795,264
"53760","0",465,465,495,495
"53760","1",1416,1203,1620,1104
"53760","total",1878,1665,2121,1602
"53770","0",1314,1314,1515,1515
"53770","1",1245,759,1656,1071
"53770","total",2559,2076,3171,2586
"53780","0",195,195,285,285
"53780","1",501,696,702,933
"53780","total",696,891,987,1215
"53790","0",555,555,654,654
"53790","1",1176,243,1263,291
"53790","total",1731,798,1920,945
"53800","0",1644,1644,1695,1695
"53800","1",996,3006,1251,3369
"53800","total",2640,4653,2946,5064
"53810","0",588,588,693,693
"53810","1",1392,846,1653,1269
"53810","total",1983,1437,2346,1965
"53820","0",1332,1332,1494,1494
"53820","1",912,303,1503,522
"53820","total",2241,1632,3000,2016
"53840","0",1152,1152,1287,1287
"53840","1",327,783,759,1173
"53840","total",1479,1935,2046,2460
"53850","0",1005,1005,1092,1092
"53850","1",519,483,750,483
"53850","total",1524,1485,1842,1578
"53870","0",867,867,1056,1056
"53870","1",507,489,516,648
"53870","total",1374,1356,1572,1704
"53880","0",819,819,918,918
"53880","1",171,81,168,111
"53880","total",990,900,1083,1029
"53890","0",921,921,942,942
"53890","1",609,261,732,291
"53890","total",1530,1182,1671,1233
"53900","0",1326,1326,1476,1476
"53900","1",1386,1434,1428,1590
"53900","total",2712,2757,2904,3066
"53910","0",90,90,120,120
"53910","1",273,873,282,1104
"53910","total",360,963,402,1224
"53920","0",285,285,324,324
"53920","1",1458,243,1743,219
"53920","total",1743,525,2064,543
"53930","0",84,84,93,93
"53930","1",411,231,516,345
"53930","total",498,315,609,438
"53940","0",675,675,732,732
"53940","1",408,6372,441,7437
"53940","total",1083,7047,1173,8169
"53950","0",423,423,450,450
"53950","1",1323,639,1539,627
"53950","total",1746,1062,1989,1074
"53960","0",462,462,501,501
"53960","1",1752,624,2166,720
"53960","total",2214,1083,2667,1221
"53970","0",162,162,162,162
"53970","1",693,225,786,210
"53970","total",855,387,945,372
"53980","0",192,192,285,285
"53980","1",606,93,678,84
"53980","total",798,285,963,369
"53990","0",498,498,621,621
"53990","1",1944,465,2196,537
"53990","total",2442,963,2820,1161
"54010","0",114,114,123,123
"54010","1",627,105,795,162
"54010","total",741,222,915,285
"54020","0",858,858,951,951
"54020","1",444,162,582,237
"54020","total",1302,1020,1533,1191
"54040","0",1086,1086,1185,1185
"54040","1",165,438,246,600
"54040","total",1251,1524,1431,1785
"54050","0",1803,1803,1668,1668
"54050","1",1554,1032,1866,1542
"54050","total",3354,2835,3537,3210
"54060","0",909,909,1089,1089
"54060","1",981,498,1350,723
"54060","total",1890,1404,2442,1809
"54070","0",1038,1038,1194,1194
"54070","1",1155,4647,1419,5028
"54070","total",2196,5688,2613,6222
"54080","0",702,702,783,783
"54080","1",1485,585,1704,714
"54080","total",2190,1290,2487,1497
"54090","0",1233,1233,1296,1296
"54090","1",2100,3111,2667,3915
"54090","total",3333,4347,3966,5214
"54100","0",222,222,306,306
"54100","1",849,459,1347,663
"54100","total",1071,684,1650,969
"54110","0",303,303,384,384
"54110","1",1632,333,2115,387
"54110","total",1935,639,2499,774
"54120","0",93,93,123,123
"54120","1",495,1311,594,3036
"54120","total",588,1404,717,3159
"54130","0",159,159,219,219
"54130","1",873,711,951,912
"54130","total",1029,870,1170,1128
"54140","0",633,633,774,774
"54140","1",1038,5256,1326,6999
"54140","total",1674,5892,2103,7776
"54150","0",261,261,291,291
"54150","1",1524,513,1881,621
"54150","total",1788,777,2169,912
"54160","0",279,279,327,327
"54160","1",1623,453,1977,510
"54160","total",1899,729,2301,834
"54170","0",291,291,405,405
"54170","1",789,183,963,276
"54170","total",1083,474,1368,678
"54180","0",378,378,438,438
"54180","1",1563,921,2034,1269
"54180","total",1941,1299,2472,1710
"54190","0",690,690,879,879
"54190","1",1980,723,2427,849
"54190","total",2670,1410,3306,1728
"54200","0",489,489,603,603
"54200","1",1173,1482,1332,2061
"54200","total",1662,1974,1935,2667
"54210","0",270,270,303,303
"54210","1",618,342,717,555
"54210","total",891,615,1020,858
"54220","0",183,183,237,237
"54220","1",663,237,864,306
"54220","total",849,423,1101,540
"54230","0",117,117,144,144
"54230","1",339,84,372,75
"54230","total",456,204,516,216
"54240","0",270,270,342,342
"54240","1",864,555,987,738
"54240","total",1134,825,1332,1080
"54250","0",138,138,135,135
"54250","1",255,1542,258,1692
"54250","total",393,1680,393,1827
"54270","0",267,267,276,276
"54270","1",981,204,1101,246
"54270","total",1248,468,1374,522
"54280","0",768,768,834,834
"54280","1",1218,4314,1773,5286
"54280","total",1983,5082,2610,6123
"54290","0",792,792,834,834
"54290","1",1026,4344,1359,4995
"54290","total",1821,5139,2193,5829
"54300","0",261,261,336,336
"54300","1",1356,318,1665,366
"54300","total",1617,579,1998,699
"54310","0",303,303,330,330
"54310","1",1515,333,1941,438
"54310","total",1818,636,2268,765
"54320","0",1191,1191,1362,1362
"54320","1",3219,1365,4176,1662
"54320","total",4410,2553,5541,3027
"54330","0",183,183,249,249
"54330","1",1251,72,1551,108
"54330","total",1434,255,1800,357
"54340","0",387,387,513,513
"54340","1",1620,525,1839,648
"54340","total",2010,912,2352,1161
"54350","0",114,114,174,174
"54350","1",648,105,969,129
"54350","total",762,222,1140,303
"54360","0",339,339,411,411
"54360","1",750,768,1134,972
"54360","total",1089,1104,1542,1383
"54370","0",1446,1446,1443,1443
"54370","1",729,780,1182,1020
"54370","total",2175,2226,2625,2463
"54380","0",2292,2292,2610,2610
"54380","1",993,558,1524,741
"54380","total",3282,2850,4134,3351
"54390","0",981,981,1101,1101
"54390","1",1017,798,1254,870
"54390","total",1995,1773,2352,1971
"54400","0",1362,1362,1686,1686
"54400","1",1461,4728,1806,5988
"54400","total",2826,6090,3489,7674
"54410","0",807,807,948,948
"54410","1",1503,480,1830,507
"54410","total",2310,1287,2778,1458
"54420","0",1002,1002,1335,1335
"54420","1",1662,306,1896,429
"54420","total",2664,1305,3231,1764
"54430","0",177,177,216,216
"54430","1",555,711,666,822
"54430","total",732,891,882,1041
"54440","0",288,288,348,348
"54440","1",1011,507,1287,621
"54440","total",1299,795,1632,969
"54450","0",156,156,219,219
"54450","1",828,150,972,138
"54450","total",984,303,1194,360
"54460","0",162,162,213,213
"54460","1",681,150,912,186
"54460","total",843,312,1125,402
"54470","0",174,174,207,207
"54470","1",747,108,981,126
"54470","total",918,282,1188,333
"54480","0",210,210,237,237
"54480","1",603,372,705,393
"54480","total",813,582,942,630
"54490","0",1827,1827,1974,1974
"54490","1",2262,654,2775,771
"54490","total",4092,2484,4749,2745
"54500","0",258,258,339,339
"54500","1",822,1194,903,1248
"54500","total",1080,1452,1242,1590
"54510","0",147,147,156,156
"54510","1",414,90,492,81
"54510","total",564,237,648,237
"54520","0",813,813,870,870
"54520","1",621,7761,735,9036
"54520","total",1431,8574,1605,9906
"54530","0",285,285,339,339
"54530","1",993,594,1158,771
"54530","total",1275,879,1494,1110
"54540","0",213,213,237,237
"54540","1",918,186,1050,216
"54540","total",1131,399,1284,450
"54550","0",438,438,579,579
"54550","1",1767,393,2100,432
"54550","total",2205,831,2682,1014
"54560","0",405,405,573,573
"54560","1",1152,1800,1350,2607
"54560","total",1557,2205,1926,3180
"54570","0",258,258,306,306
"54570","1",1062,111,1209,117
"54570","total",1314,363,1512,420
"54580","0",78,78,108,108
"54580","1",420,63,591,69
"54580","total",501,141,699,177
"54590","0",288,288,336,336
"54590","1",1095,360,1152,525
"54590","total",1383,645,1491,858
"54600","0",78,78,90,90
"54600","1",327,39,408,48
"54600","total",405,117,498,138
"54610","0",1059,1059,1077,1077
"54610","1",534,249,876,372
"54610","total",1593,1308,1956,1452
"54620","0",1041,1041,1167,1167
"54620","1",684,663,1344,1044
"54620","total",1725,1707,2511,2211
"54630","0",2001,2001,2133,2133
"54630","1",528,504,828,669
"54630","total",2526,2508,2961,2805
"54640","0",1128,1128,1104,1104
"54640","1",411,885,735,1194
"54640","total",1536,2013,1839,2298
"54650","0",1818,1818,1809,1809
"54650","1",1041,627,1419,828
"54650","total",2856,2445,3225,2634
"54660","0",2532,2532,3024,3024
"54660","1",840,1407,1053,2223
"54660","total",3372,3939,4077,5244
"54670","0",2157,2157,2304,2304
"54670","1",102,180,246,261
"54670","total",2262,2340,2550,2568
"54680","0",1974,1974,2358,2358
"54680","1",213,237,369,534
"54680","total",2184,2211,2730,2892
"54690","0",1074,1074,1197,1197
"54690","1",1395,729,1638,804
"54690","total",2469,1803,2832,2001
"54700","0",228,228,315,315
"54700","1",1035,393,1176,471
"54700","total",1263,618,1491,786
"54710","0",120,120,150,150
"54710","1",522,207,573,192
"54710","total",645,330,720,342
"54720","0",384,384,432,432
"54720","1",1536,321,1758,405
"54720","total",1923,705,2187,837
"54730","0",219,219,273,273
"54730","1",1047,342,1068,318
"54730","total",1269,564,1341,591
"54740","0",1047,1047,1227,1227
"54740","1",651,5703,795,6459
"54740","total",1701,6750,2022,7686
"54750","0",657,657,930,930
"54750","1",1134,1683,1473,2049
"54750","total",1791,2340,2403,2979
"54760","0",201,201,222,222
"54760","1",1095,192,1266,201
"54760","total",1293,393,1488,423
"54770","0",237,237,255,255
"54770","1",984,135,1059,180
"54770","total",1221,372,1311,435
"54780","0",459,459,573,573
"54780","1",1512,1170,1764,1515
"54780","total",1968,1626,2337,2085
"54790","0",1842,1842,1887,1887
"54790","1",243,126,432,258
"54790","total",2085,1965,2319,2142
"54800","0",708,708,759,759
"54800","1",672,432,1212,648
"54800","total",1383,1140,1971,1407
"54810","0",1356,1356,1503,1503
"54810","1",612,552,1203,693
"54810","total",1965,1905,2706,2196
"54820","0",1359,1359,1626,1626
"54820","1",1329,267,2148,435
"54820","total",2688,1629,3777,2064
"54830","0",1563,1563,1782,1782
"54830","1",1512,954,2415,1698
"54830","total",3075,2517,4200,3483
"54840","0",363,363,399,399
"54840","1",1647,165,2241,219
"54840","total",2007,525,2640,615
"54850","0",588,588,696,696
"54850","1",1899,582,2658,678
"54850","total",2487,1167,3357,1374
"54860","0",372,372,444,444
"54860","1",390,2430,573,3474
"54860","total",762,2802,1017,3915
"54870","0",1008,1008,1275,1275
"54870","1",2706,1185,3210,1641
"54870","total",3711,2193,4482,2913
"54880","0",336,336,360,360
"54880","1",210,15858,282,19329
"54880","total",546,16194,642,19686
"54890","0",96,96,105,105
"54890","1",666,48,765,54
"54890","total",762,141,870,162
"54900","0",345,345,489,489
"54900","1",1983,747,2193,819
"54900","total",2328,1095,2679,1311
"54910","0",378,378,504,504
"54910","1",2181,459,2520,546
"54910","total",2559,837,3027,1050
"54920","0",546,546,873,873
"54920","1",1194,2397,1812,2694
"54920","total",1740,2946,2688,3564
"54930","0",426,426,489,489
"54930","1",1860,1170,2169,1830
"54930","total",2289,1596,2658,2319
"54940","0",411,411,579,579
"54940","1",2751,402,3057,471
"54940","total",3162,813,3636,1050
"54950","0",303,303,423,423
"54950","1",1698,801,2022,927
"54950","total",2001,1101,2448,1350
"54960","0",732,732,879,879
"54960","1",1983,3132,2253,4518
"54960","total",2715,3864,3132,5400
"54970","0",174,174,183,183
"54970","1",912,174,1107,207
"54970","total",1086,345,1290,390
"54980","0",1008,1008,1092,1092
"54980","1",3708,1152,4209,1056
"54980","total",4713,2160,5301,2145
"54990","0",516,516,690,690
"54990","1",2634,519,3192,666
"54990","total",3150,1032,3879,1356
"55000","0",684,684,453,453
"55000","1",225,1041,165,1347
"55000","total",909,1725,615,1797
"55010","0",306,306,372,372
"55010","1",1575,747,1887,972
"55010","total",1878,1053,2256,1341
"55020","0",1761,1761,1824,1824
"55020","1",738,411,1068,528
"55020","total",2499,2175,2892,2352
"55030","0",1635,1635,1851,1851
"55030","1",579,288,1005,429
"55030","total",2217,1923,2856,2280
"55040","0",1203,1203,1434,1434
"55040","1",420,645,552,900
"55040","total",1623,1848,1986,2331
"55050","0",996,996,1317,1317
"55050","1",684,267,1206,441
"55050","total",1677,1263,2523,1758
"55060","0",432,432,510,510
"55060","1",561,144,972,174
"55060","total",993,573,1485,684
"55070","0",993,993,1362,1362
"55070","1",1326,603,1890,765
"55070","total",2319,1596,3255,2130
"55080","0",216,216,318,318
"55080","1",1059,156,1452,168
"55080","total",1275,375,1770,486
"55090","0",396,396,570,570
"55090","1",459,1908,675,2499
"55090","total",855,2304,1248,3072
"55100","0",564,564,843,843
"55100","1",951,1188,1359,1884
"55100","total",1515,1755,2202,2730
"55110","0",177,177,234,234
"55110","1",696,177,996,228
"55110","total",873,357,1233,462
"55120","0",429,429,636,636
"55120","1",684,285,783,342
"55120","total",1113,711,1419,978
"55130","0",270,270,423,423
"55130","1",582,189,660,246
"55130","total",852,459,1086,669
"55140","0",963,963,1395,1395
"55140","1",894,648,1359,876
"55140","total",1860,1611,2754,2268
"55150","0",1578,1578,2331,2331
"55150","1",2175,900,2826,1116
"55150","total",3753,2478,5154,3450
"55160","0",837,837,1392,1392
"55160","1",2310,642,2667,741
"55160","total",3144,1479,4059,2133
"55170","0",1605,1605,2355,2355
"55170","1",1878,2997,2154,4428
"55170","total",3483,4602,4509,6783
"55180","0",933,933,1551,1551
"55180","1",2235,555,2622,672
"55180","total",3168,1488,4173,2223
"55190","0",201,201,300,300
"55190","1",489,90,537,117
"55190","total",687,288,837,420
"55200","0",213,213,279,279
"55200","1",384,330,453,468
"55200","total",597,546,735,747
"55210","0",171,171,303,303
"55210","1",657,33,711,72
"55210","total",828,204,1014,378
"55220","0",207,207,339,339
"55220","1",678,420,762,507
"55220","total",885,627,1101,846
"55230","0",147,147,285,285
"55230","1",726,33,807,36
"55230","total",873,180,1092,321
"55240","0",372,372,681,681
"55240","1",321,6567,684,9066
"55240","total",690,6942,1365,9747
"55260","0",498,498,849,849
"55260","1",2199,279,2847,333
"55260","total",2694,777,3693,1182
"55270","0",207,207,408,408
"55270","1",846,531,918,621
"55270","total",1047,735,1323,1026
"55280","0",831,831,1851,1851
"55280","1",3633,396,4488,549
"55280","total",4464,1227,6339,2400
"55290","0",171,171,315,315
"55290","1",798,600,879,666
"55290","total",969,771,1194,981
"55300","0",84,84,228,228
"55300","1",738,60,969,78
"55300","total",825,144,1197,306
"55310","0",114,114,201,201
"55310","1",693,189,1125,264
"55310","total",804,303,1323,462
"55320","0",162,162,714,714
"55320","1",1080,210,1503,297
"55320","total",1236,369,2217,1011
"55330","0",243,243,456,456
"55330","1",1440,387,2397,534
"55330","total",1686,633,2850,987
"55340","0",138,138,255,255
"55340","1",939,171,1323,264
"55340","total",1074,312,1578,519
"55350","0",339,339,501,501
"55350","1",900,156,1044,264
"55350","total",1239,492,1545,765
"55360","0",216,216,378,378
"55360","1",1194,51,1497,81
"55360","total",1407,270,1872,459
"55370","0",66,66,99,99
"55370","1",321,30,375,42
"55370","total",387,99,474,141
"55380","0",861,861,1614,1614
"55380","1",2199,2343,3291,3417
"55380","total",3057,3201,4905,5034
"55390","0",159,159,294,294
"55390","1",717,432,867,498
"55390","total",876,591,1164,795
"55400","0",261,261,495,495
"55400","1",1185,306,1296,567
"55400","total",1446,567,1794,1062
"55410","0",132,132,267,267
"55410","1",681,42,732,42
"55410","total",816,177,1002,306
"55420","0",153,153,321,321
"55420","1",1011,63,1335,81
"55420","total",1164,216,1656,399
"55430","0",96,96,228,228
"55430","1",714,6,783,27
"55430","total",807,99,1008,255
"55440","0",138,138,321,321
"55440","1",969,66,1116,90
"55440","total",1104,201,1437,411
"55450","0",114,114,228,228
"55450","1",675,384,837,501
"55450","total",786,495,1065,726
"55460","0",156,156,282,282
"55460","1",921,273,1113,315
"55460","total",1074,432,1395,597
"55470","0",96,96,219,219
"55470","1",687,108,906,132
"55470","total",783,204,1122,348
"55480","0",336,336,540,540
"55480","1",813,2643,978,3369
"55480","total",1146,2979,1515,3909
"55490","0",117,117,135,135
"55490","1",318,51,375,84
"55490","total",435,165,510,219
"55500","0",288,288,546,546
"55500","1",1542,1185,2229,1578
"55500","total",1830,1473,2775,2127
"55510","0",594,594,1131,1131
"55510","1",2937,345,3693,474
"55510","total",3534,942,4827,1608
"55520","0",195,195,381,381
"55520","1",1164,207,1203,252
"55520","total",1359,402,1581,633
"55530","0",195,195,378,378
"55530","1",1059,81,1080,102
"55530","total",1254,273,1458,480
"55540","0",114,114,195,195
"55540","1",474,75,501,60
"55540","total",585,189,699,258
"55550","0",105,105,267,267
"55550","1",858,48,882,54
"55550","total",966,156,1149,321
"55560","0",237,237,564,564
"55560","1",1533,87,1608,99
"55560","total",1770,327,2172,657
"55570","0",1167,1167,1641,1641
"55570","1",2418,7995,2706,9549
"55570","total",3585,9162,4347,11187
"55580","0",99,99,240,240
"55580","1",585,33,612,51
"55580","total",684,129,855,294
"55590","0",915,915,1386,1386
"55590","1",2139,6375,2619,7293
"55590","total",3054,7293,4005,8679
"55600","0",216,216,522,522
"55600","1",1407,495,1665,642
"55600","total",1623,711,2190,1164
"55610","0",132,132,213,213
"55610","1",429,4299,549,4923
"55610","total",561,4428,762,5136
"55620","0",225,225,336,336
"55620","1",690,108,747,132
"55620","total",912,333,1080,465
"55630","0",258,258,522,522
"55630","1",1392,690,1692,951
"55630","total",1650,948,2211,1470
"55640","0",399,399,774,774
"55640","1",2142,918,2688,1068
"55640","total",2541,1317,3462,1845
"55650","0",174,174,306,306
"55650","1",888,849,960,1380
"55650","total",1062,1023,1263,1686
"55660","0",309,309,828,828
"55660","1",1929,1206,2259,2136
"55660","total",2232,1512,3087,2961
"55670","0",1215,1215,2361,2361
"55670","1",5019,369,6351,663
"55670","total",6234,1584,8712,3024
"55680","0",249,249,660,660
"55680","1",1929,663,2157,483
"55680","total",2175,909,2817,1143
"55690","0",315,315,549,549
"55690","1",825,186,897,195
"55690","total",1140,501,1449,747
"55700","0",147,147,216,216
"55700","1",324,69,315,129
"55700","total",468,213,534,348
"55710","0",96,96,324,324
"55710","1",822,36,888,57
"55710","total",918,129,1215,381
"55720","0",1014,1014,1941,1941
"55720","1",4362,1176,4431,1713
"55720","total",5373,2190,6375,3660
"55730","0",222,222,651,651
"55730","1",1605,1113,1668,1671
"55730","total",1827,1335,2316,2319
"55740","0",825,825,1734,1734
"55740","1",4047,1938,4341,2220
"55740","total",4869,2760,6075,3954
"55750","0",78,78,246,246
"55750","1",702,36,756,36
"55750","total",780,117,1002,279
"55760","0",783,783,1290,1290
"55760","1",3438,582,3489,627
"55760","total",4224,1368,4779,1917
"55770","0",390,390,777,777
"55770","1",2469,261,2535,282
"55770","total",2859,651,3312,1062
"55780","0",120,120,312,312
"55780","1",729,297,789,438
"55780","total",849,417,1101,753
"55790","0",135,135,168,168
"55790","1",450,10617,468,12819
"55790","total",585,10755,636,12987
"55800","0",264,264,525,525
"55800","1",1728,156,1794,204
"55800","total",1995,423,2319,732
"55810","0",141,141,294,294
"55810","1",978,87,918,138
"55810","total",1119,231,1212,429
"55820","0",579,579,804,804
"55820","1",1920,9129,1899,8244
"55820","total",2496,9705,2703,9051
"55830","0",480,480,1320,1320
"55830","1",2931,303,3183,408
"55830","total",3408,783,4503,1725
"55840","0",150,150,354,354
"55840","1",1062,264,1176,282
"55840","total",1212,414,1530,633
"55850","0",498,498,1140,1140
"55850","1",3231,1989,3408,2556
"55850","total",3729,2487,4548,3696
"55860","0",1317,1317,2373,2373
"55860","1",5619,873,5694,912
"55860","total",6939,2190,8070,3285
"55870","0",225,225,450,450
"55870","1",1665,189,1797,186
"55870","total",1893,417,2250,633
"55880","0",399,399,603,603
"55880","1",1872,1743,1887,2499
"55880","total",2271,2142,2490,3102
"55890","0",771,771,975,975
"55890","1",693,43023,834,42087
"55890","total",1461,43794,1809,43059
"55900","0",2169,2169,3057,3057
"55900","1",4833,16434,5382,14862
"55900","total",7002,18603,8439,17919
"55910","0",234,234,423,423
"55910","1",1830,195,1905,228
"55910","total",2061,426,2328,651
"55920","0",132,132,183,183
"55920","1",606,279,594,255
"55920","total",738,414,774,438
"55930","0",297,297,561,561
"55930","1",2553,672,2526,630
"55930","total",2850,969,3087,1191
"55940","0",429,429,921,921
"55940","1",3198,549,3267,534
"55940","total",3627,978,4185,1455
"55950","0",504,504,978,978
"55950","1",3087,270,3222,354
"55950","total",3594,777,4200,1335
"55960","0",393,393,702,702
"55960","1",3288,1854,3477,2031
"55960","total",3681,2247,4179,2733
"55970","0",867,867,1734,1734
"55970","1",3573,3708,3540,6756
"55970","total",4440,4578,5274,8487
"55980","0",156,156,375,375
"55980","1",1410,60,1500,84
"55980","total",1566,216,1875,459
"55990","0",504,504,720,720
"55990","1",1578,3654,1737,4368
"55990","total",2085,4161,2454,5088
"56000","0",156,156,276,276
"56000","1",771,198,846,249
"56000","total",930,354,1122,528
"56010","0",168,168,363,363
"56010","1",1497,381,1560,327
"56010","total",1665,546,1923,690
"56020","0",66,66,171,171
"56020","1",633,102,591,18
"56020","total",699,168,762,189
"56030","0",186,186,336,336
"56030","1",1095,168,1155,186
"56030","total",1278,351,1494,519
"56040","0",510,510,1011,1011
"56040","1",2817,504,2901,507
"56040","total",3327,1014,3909,1515
"56050","0",114,114,237,237
"56050","1",699,75,678,66
"56050","total",816,192,912,300
"56060","0",69,69,150,150
"56060","1",489,15,453,12
"56060","total",555,81,606,162
"56070","0",75,75,168,168
"56070","1",600,87,645,54
"56070","total",678,159,813,225
"56080","0",141,141,267,267
"56080","1",909,57,897,54
"56080","total",1050,201,1164,315
"56090","0",126,126,270,270
"56090","1",591,66,531,57
"56090","total",714,192,798,324
"56100","0",1077,1077,1668,1668
"56100","1",3339,2223,3414,2040
"56100","total",4413,3297,5079,3708
"56110","0",216,216,336,336
"56110","1",867,129,810,132
"56110","total",1080,345,1146,468
"56120","0",219,219,414,414
"56120","1",1317,276,1344,312
"56120","total",1536,495,1755,723
"56130","0",1293,1293,1416,1416
"56130","1",1266,579,1572,567
"56130","total",2562,1875,2988,1983
"56140","0",549,549,723,723
"56140","1",1539,660,2124,948
"56140","total",2091,1212,2847,1671
"56150","0",393,393,477,477
"56150","1",1074,609,1458,993
"56150","total",1467,999,1935,1473
"56160","0",1221,1221,1410,1410
"56160","1",753,3495,981,4422
"56160","total",1974,4716,2388,5832
"56170","0",138,138,243,243
"56170","1",924,189,1125,264
"56170","total",1062,327,1371,510
"56180","0",846,846,1050,1050
"56180","1",768,627,1119,1236
"56180","total",1614,1473,2169,2283
"56190","0",699,699,972,972
"56190","1",921,417,1443,618
"56190","total",1623,1116,2415,1587
"56200","0",1533,1533,2190,2190
"56200","1",1230,420,1722,726
"56200","total",2766,1953,3909,2916
"56210","0",1029,1029,1296,1296
"56210","1",360,333,471,558
"56210","total",1389,1365,1770,1857
"56300","0",9,9,6,6
"56300","1",-999,-999,-999,-999
"56300","total",9,9,6,9
"60020","0",2103,2103,2364,2364
"60020","1",96,75,177,135
"60020","total",2199,2178,2541,2499
"60040","0",1191,1191,1317,1317
"60040","1",840,792,1104,942
"60040","total",2034,1986,2424,2259
"60050","0",1578,1578,1917,1917
"60050","1",1908,996,2535,1317
"60050","total",3483,2571,4452,3234
"60060","0",1872,1872,2097,2097
"60060","1",1047,1158,1323,1422
"60060","total",2919,3027,3420,3522
"60070","0",1077,1077,1221,1221
"60070","1",345,186,492,261
"60070","total",1416,1260,1716,1485
"60080","0",459,459,582,582
"60080","1",669,195,798,285
"60080","total",1128,654,1377,861
"60090","0",537,537,660,660
"60090","1",984,225,1308,312
"60090","total",1521,765,1968,975
"60100","0",408,408,426,426
"60100","1",549,621,669,1116
"60100","total",954,1029,1095,1542
"60110","0",90,90,348,348
"60110","1",159,1476,918,2238
"60110","total",249,1563,1266,2583
"60120","0",1044,1044,1188,1188
"60120","1",1911,2001,2601,2826
"60120","total",2955,3048,3789,4017
"60130","0",372,372,480,480
"60130","1",1311,474,1761,624
"60130","total",1683,849,2241,1104
"60140","0",63,63,90,90
"60140","1",210,168,423,198
"60140","total",273,231,513,285
"60150","0",273,273,336,336
"60150","1",561,84,639,153
"60150","total",834,357,972,489
"60160","0",-999,-999,-999,-999
"60160","1",-999,-999,27,-999
"60160","total",0,0,27,3
"60170","0",240,240,288,288
"60170","1",786,408,1029,561
"60170","total",1026,651,1320,849
"60180","0",102,102,120,120
"60180","1",333,42,360,27
"60180","total",435,144,483,150
"60190","0",207,207,327,327
"60190","1",918,96,1035,129
"60190","total",1128,306,1362,459
"60200","0",1536,1536,1722,1722
"60200","1",744,8088,1035,10011
"60200","total",2277,9627,2757,11730
"60210","0",243,243,249,249
"60210","1",756,495,966,540
"60210","total",996,738,1215,789
"60220","0",363,363,426,426
"60220","1",1467,186,1713,228
"60220","total",1830,549,2136,654
"60230","0",108,108,141,141
"60230","1",453,78,489,96
"60230","total",561,186,630,234
"60240","0",255,255,348,348
"60240","1",987,300,1044,417
"60240","total",1245,555,1392,765
"60250","0",78,78,93,93
"60250","1",510,30,651,39
"60250","total",591,108,747,132
"60260","0",105,105,177,177
"60260","1",663,96,747,57
"60260","total",768,198,924,234
"60270","0",105,105,126,126
"60270","1",420,525,573,519
"60270","total",522,633,696,645
"60280","0",2652,2652,3171,3171
"60280","1",3087,3714,4332,5391
"60280","total",5739,6366,7506,8562
"60290","0",60,60,108,108
"60290","1",240,87,387,198
"60290","total",303,144,495,303
"60300","0",267,267,270,270
"60300","1",978,78,1278,78
"60300","total",1248,345,1548,345
"60310","0",1167,1167,1371,1371
"60310","1",852,366,1167,558
"60310","total",2019,1533,2538,1929
"60320","0",-999,-999,6,6
"60320","1",-999,6,-999,27
"60320","total",6,12,9,33
"60330","0",1281,1281,1329,1329
"60330","1",507,351,681,492
"60330","total",1785,1635,2010,1821
"60340","0",1086,1086,1137,1137
"60340","1",669,795,915,972
"60340","total",1755,1884,2052,2109
"60350","0",1560,1560,1569,1569
"60350","1",1470,1872,1755,2307
"60350","total",3027,3432,3324,3876
"60360","0",354,354,423,423
"60360","1",999,672,1197,972
"60360","total",1353,1026,1623,1395
"60370","0",99,99,108,108
"60370","1",597,165,663,201
"60370","total",693,261,771,306
"60380","0",1587,1587,1743,1743
"60380","1",1086,5124,1365,6222
"60380","total",2673,6711,3111,7965
"60390","0",294,294,378,378
"60390","1",861,858,1209,951
"60390","total",1155,1152,1590,1332
"60400","0",351,351,366,366
"60400","1",1644,399,2043,579
"60400","total",1995,750,2409,951
"60410","0",462,462,567,567
"60410","1",1776,516,2175,777
"60410","total",2238,978,2742,1347
"60420","0",144,144,138,138
"60420","1",810,138,912,147
"60420","total",957,282,1047,285
"60430","0",1674,1674,1740,1740
"60430","1",27,132,108,87
"60430","total",1701,1803,1848,1827
"60440","0",1173,1173,1323,1323
"60440","1",303,237,405,435
"60440","total",1476,1407,1728,1758
"60460","0",1806,1806,1974,1974
"60460","1",228,261,369,327
"60460","total",2034,2067,2343,2301
"60470","0",1011,1011,1032,1032
"60470","1",837,273,933,468
"60470","total",1848,1287,1968,1500
"60480","0",3309,3309,3384,3384
"60480","1",339,1116,678,1371
"60480","total",3651,4428,4065,4755
"60500","0",2289,2289,2565,2565
"60500","1",345,219,576,369
"60500","total",2628,2505,3141,2934
"60510","0",1269,1269,1014,1014
"60510","1",96,66,144,96
"60510","total",1362,1335,1158,1110
"60530","0",2241,2241,2406,2406
"60530","1",192,177,342,285
"60530","total",2433,2418,2751,2691
"60540","0",2139,2139,2514,2514
"60540","1",825,444,1428,762
"60540","total",2964,2583,3942,3279
"60550","0",792,792,1005,1005
"60550","1",1260,387,1755,444
"60550","total",2049,1179,2757,1446
"60560","0",1776,1776,2181,2181
"60560","1",1713,360,2373,582
"60560","total",3486,2133,4554,2766
"60570","0",1005,1005,1308,1308
"60570","1",1866,576,2514,1047
"60570","total",2868,1581,3819,2352
"60580","0",933,933,1620,1620
"60580","1",2439,489,4272,828
"60580","total",3372,1422,5892,2445
"60590","0",552,552,615,615
"60590","1",1005,2037,1227,2928
"60590","total",1554,2589,1842,3543
"60600","0",240,240,336,336
"60600","1",921,270,1371,375
"60600","total",1158,513,1710,714
"60610","0",582,582,756,756
"60610","1",1434,1716,1944,2310
"60610","total",2016,2298,2697,3066
"60620","0",234,234,309,309
"60620","1",1113,117,1389,177
"60620","total",1344,351,1698,486
"60630","0",429,429,558,558
"60630","1",1587,450,2232,591
"60630","total",2016,876,2787,1152
"60640","0",99,99,213,213
"60640","1",639,117,1089,165
"60640","total",735,216,1296,378
"60650","0",360,360,444,444
"60650","1",1110,1047,1476,1440
"60650","total",1473,1407,1920,1881
"60660","0",234,234,246,246
"60660","1",738,1134,756,1395
"60660","total",972,1368,1005,1638
"60670","0",294,294,486,486
"60670","1",1632,1299,1857,1962
"60670","total",1923,1593,2343,2451
"60680","0",354,354,435,435
"60680","1",1617,504,1671,468
"60680","total",1971,861,2106,900
"60700","0",342,342,675,675
"60700","1",1482,735,2244,1110
"60700","total",1824,1077,2922,1785
"60710","0",162,162,285,285
"60710","1",633,414,1056,579
"60710","total",795,573,1341,864
"60720","0",201,201,225,225
"60720","1",843,1107,945,1524
"60720","total",1041,1305,1167,1749
"60730","0",1278,1278,1392,1392
"60730","1",2688,12861,2850,15984
"60730","total",3966,14139,4245,17376
"60740","0",198,198,225,225
"60740","1",534,7050,483,9204
"60740","total",735,7248,705,9429
"60750","0",417,417,561,561
"60750","1",3213,483,3249,486
"60750","total",3630,903,3807,1047
"60760","0",336,336,474,474
"60760","1",2118,651,2451,723
"60760","total",2454,987,2925,1197
"60770","0",561,561,723,723
"60770","1",3543,1038,3666,945
"60770","total",4107,1599,4389,1668
"60780","0",819,819,1104,1104
"60780","1",3303,4695,3393,5520
"60780","total",4119,5514,4497,6621
"60790","0",408,408,537,537
"60790","1",2523,690,2631,735
"60790","total",2928,1098,3168,1269
"60800","0",642,642,750,750
"60800","1",2766,5625,2871,5076
"60800","total",3411,6267,3618,5823
"60810","0",336,336,408,408
"60810","1",2178,606,2292,648
"60810","total",2514,942,2700,1056
"60820","0",1173,1173,1566,1566
"60820","1",5553,3171,5994,3117
"60820","total",6726,4341,7563,4683
"60830","0",552,552,828,828
"60830","1",3567,564,3831,669
"60830","total",4119,1119,4659,1497
"60840","0",270,270,378,378
"60840","1",1338,864,1329,894
"60840","total",1611,1134,1704,1272
"60850","0",1020,1020,1317,1317
"60850","1",3912,3453,4641,3858
"60850","total",4935,4473,5958,5175
"60860","0",396,396,510,510
"60860","1",1590,678,1668,735
"60860","total",1989,1071,2181,1248
"60870","0",594,594,723,723
"60870","1",1845,2325,1989,2619
"60870","total",2442,2922,2715,3342
"60880","0",111,111,162,162
"60880","1",897,828,960,873
"60880","total",1005,936,1125,1038
"60890","0",135,135,288,288
"60890","1",1404,207,1920,384
"60890","total",1539,345,2211,672
"60900","0",1488,1488,2547,2547
"60900","1",1749,29298,2496,38934
"60900","total",3237,30789,5040,41481
"60910","0",831,831,942,942
"60910","1",3513,5076,4071,5379
"60910","total",4344,5907,5010,6321
"60920","0",447,447,435,435
"60920","1",2346,2109,2763,2061
"60920","total",2793,2556,3198,2496
"60930","0",285,285,327,327
"60930","1",1563,6975,1665,7590
"60930","total",1848,7263,1992,7914
"60940","0",123,123,171,171
"60940","1",1386,267,1434,252
"60940","total",1509,390,1605,423
"60950","0",627,627,879,879
"60950","1",3978,483,4044,531
"60950","total",4608,1113,4920,1410
"60960","0",81,81,129,129
"60960","1",561,75,546,75
"60960","total",642,156,672,198
"60970","0",324,324,543,543
"60970","1",2202,1101,2337,1542
"60970","total",2526,1422,2880,2085
"60980","0",192,192,300,300
"60980","1",1509,264,1626,567
"60980","total",1698,456,1929,870
"60990","0",408,408,555,555
"60990","1",2349,1512,2325,1563
"60990","total",2757,1920,2883,2118
"61000","0",96,96,150,150
"61000","1",972,189,996,147
"61000","total",1068,285,1149,297
"61010","0",645,645,858,858
"61010","1",3273,792,3390,861
"61010","total",3918,1437,4248,1719
"61020","0",198,198,261,261
"61020","1",2001,270,2142,279
"61020","total",2199,468,2403,540
"61030","0",108,108,144,144
"61030","1",858,183,894,111
"61030","total",966,291,1038,258
"61040","0",255,255,381,381
"61040","1",1779,747,2001,624
"61040","total",2034,1002,2382,1008
"61050","0",222,222,315,315
"61050","1",2034,348,2259,336
"61050","total",2256,567,2574,651
"61060","0",165,165,219,219
"61060","1",978,1188,1017,1137
"61060","total",1140,1353,1239,1359
"61070","0",57,57,69,69
"61070","1",567,261,582,150
"61070","total",621,315,651,216
"61080","0",156,156,198,198
"61080","1",1056,2709,1128,2487
"61080","total",1212,2868,1326,2682
"61090","0",480,480,627,627
"61090","1",3702,1506,3900,1230
"61090","total",4182,1986,4527,1857
"61100","0",1194,1194,1341,1341
"61100","1",816,225,903,276
"61100","total",2013,1422,2244,1620
"61110","0",645,645,669,669
"61110","1",1959,17400,2226,16425
"61110","total",2604,18045,2895,17097
"61120","0",558,558,699,699
"61120","1",2424,8376,2607,7551
"61120","total",2982,8934,3306,8250
"61130","0",438,438,822,822
"61130","1",3183,990,3996,1494
"61130","total",3624,1431,4818,2316
"61140","0",171,171,216,216
"61140","1",1197,780,1215,948
"61140","total",1368,951,1428,1161
"61150","0",522,522,714,714
"61150","1",3759,1251,3882,1356
"61150","total",4281,1776,4596,2070
"61160","0",447,447,627,627
"61160","1",2628,900,2655,1038
"61160","total",3072,1344,3282,1665
"61170","0",450,450,684,684
"61170","1",3399,720,3567,855
"61170","total",3849,1167,4251,1539
"61180","0",225,225,300,300
"61180","1",1467,480,1527,504
"61180","total",1692,708,1827,804
"61190","0",633,633,813,813
"61190","1",2505,801,2628,960
"61190","total",3138,1434,3438,1770
"61200","0",1176,1176,1884,1884
"61200","1",5958,1194,7773,1509
"61200","total",7134,2373,9654,3390
"61210","0",192,192,288,288
"61210","1",885,141,1191,177
"61210","total",1077,333,1479,465
"61220","0",219,219,333,333
"61220","1",1503,4146,1644,4119
"61220","total",1719,4362,1980,4455
"61230","0",159,159,210,210
"61230","1",1587,258,1689,330
"61230","total",1746,417,1899,540
"61240","0",792,792,984,984
"61240","1",3684,4326,3672,4779
"61240","total",4473,5118,4656,5760
"61250","0",87,87,120,120
"61250","1",414,1479,447,1611
"61250","total",501,1566,567,1728
"61260","0",99,99,147,147
"61260","1",474,312,465,330
"61260","total",570,411,615,477
"61270","0",183,183,255,255
"61270","1",1080,351,1032,429
"61270","total",1263,534,1287,681
"61280","0",168,168,198,198
"61280","1",939,132,1035,126
"61280","total",1107,300,1230,324
"61290","0",303,303,501,501
"61290","1",1437,174,1482,144
"61290","total",1737,474,1983,645
"61300","0",192,192,261,261
"61300","1",720,264,762,186
"61300","total",912,459,1023,447
"61310","0",168,168,219,219
"61310","1",993,300,951,234
"61310","total",1158,468,1173,453
"61320","0",183,183,279,279
"61320","1",969,87,1131,126
"61320","total",1152,273,1410,405
"61330","0",603,603,867,867
"61330","1",1794,459,1845,504
"61330","total",2400,1062,2712,1371
"61340","0",186,186,243,243
"61340","1",840,192,885,201
"61340","total",1026,378,1128,441
"61350","0",435,435,606,606
"61350","1",1002,750,1044,1110
"61350","total",1437,1185,1653,1716
"61360","0",183,183,264,264
"61360","1",516,33,510,48
"61360","total",702,219,777,312
"61380","0",969,969,1122,1122
"61380","1",657,369,861,576
"61380","total",1626,1338,1983,1695
"61390","0",1002,1002,1218,1218
"61390","1",1125,513,1668,621
"61390","total",2127,1512,2886,1842
"61400","0",1101,1101,1383,1383
"61400","1",1998,828,2679,1671
"61400","total",3099,1932,4062,3057
"61410","0",1179,1179,1221,1221
"61410","1",741,801,1011,1344
"61410","total",1917,1980,2232,2562
"61420","0",1707,1707,1605,1605
"61420","1",1593,1197,2157,1617
"61420","total",3297,2904,3765,3225
"61430","0",501,501,786,786
"61430","1",1473,2037,1890,4155
"61430","total",1974,2538,2676,4941
"61440","0",459,459,705,705
"61440","1",2520,192,3372,327
"61440","total",2979,651,4077,1029
"61450","0",393,393,996,996
"61450","1",2037,222,4104,687
"61450","total",2430,615,5100,1683
"61460","0",1182,1182,1593,1593
"61460","1",2898,675,3993,1350
"61460","total",4080,1854,5589,2946
"61470","0",39,39,579,579
"61470","1",93,42,2535,150
"61470","total",135,81,3111,726
"61480","0",828,828,1671,1671
"61480","1",1683,1107,3750,2109
"61480","total",2511,1935,5421,3780
"61500","0",2340,2340,2532,2532
"61500","1",561,303,720,453
"61500","total",2898,2643,3249,2985
"61510","0",2724,2724,2754,2754
"61510","1",1461,1146,1803,1674
"61510","total",4185,3867,4557,4425
"61520","0",171,171,198,198
"61520","1",303,912,384,1221
"61520","total",477,1086,576,1419
"61530","0",843,843,801,801
"61530","1",1956,918,2316,975
"61530","total",2799,1758,3117,1779
"61540","0",474,474,552,552
"61540","1",465,3378,594,4065
"61540","total",936,3852,1146,4614
"61550","0",141,141,129,129
"61550","1",972,183,1221,147
"61550","total",1110,324,1347,276
"61560","0",330,330,351,351
"61560","1",1173,441,1383,465
"61560","total",1503,771,1734,819
"61570","0",117,117,150,150
"61570","1",771,189,924,243
"61570","total",891,306,1074,396
"61580","0",1737,1737,1953,1953
"61580","1",714,420,900,480
"61580","total",2451,2154,2850,2433
"61590","0",1287,1287,1260,1260
"61590","1",1905,813,2202,990
"61590","total",3189,2100,3462,2247
"61600","0",1527,1527,1446,1446
"61600","1",1119,1161,1401,1263
"61600","total",2646,2691,2847,2709
"61610","0",189,189,219,219
"61610","1",252,2706,327,3618
"61610","total",441,2895,546,3840
"61620","0",294,294,306,306
"61620","1",1341,225,1548,225
"61620","total",1632,519,1854,534
"61630","0",201,201,174,174
"61630","1",1053,279,1242,318
"61630","total",1257,477,1416,489
"61640","0",177,177,198,198
"61640","1",675,537,798,663
"61640","total",852,717,996,861
"61650","0",330,330,282,282
"61650","1",1119,597,1371,567
"61650","total",1449,930,1653,846
"61660","0",90,90,93,93
"61660","1",612,111,714,135
"61660","total",702,201,807,228
"61670","0",450,450,411,411
"61670","1",438,5088,525,5904
"61670","total",888,5538,939,6318
"61680","0",168,168,177,177
"61680","1",1032,222,1164,213
"61680","total",1197,393,1338,387
"61690","0",159,159,111,111
"61690","1",708,234,855,300
"61690","total",867,393,966,414
"61700","0",120,120,129,129
"61700","1",828,120,909,219
"61700","total",948,240,1038,348
"61710","0",168,168,135,135
"61710","1",783,378,921,441
"61710","total",951,546,1056,576
"61730","0",2181,2181,2430,2430
"61730","1",138,120,360,297
"61730","total",2322,2301,2790,2724
"61740","0",-999,-999,-999,-999
"61740","1",-999,-999,-999,9
"61740","total",0,3,0,9
"61750","0",1533,1533,1626,1626
"61750","1",501,375,768,714
"61750","total",2034,1911,2391,2340
"61760","0",654,654,711,711
"61760","1",369,219,549,324
"61760","total",1020,873,1260,1032
"61780","0",249,249,312,312
"61780","1",9,12,15,27
"61780","total",258,261,327,339
"61790","0",1389,1389,1491,1491
"61790","1",330,231,432,336
"61790","total",1719,1620,1923,1827
"61810","0",1401,1401,1641,1641
"61810","1",861,933,1173,1647
"61810","total",2262,2337,2814,3288
"61820","0",756,756,867,867
"61820","1",1029,783,1392,1077
"61820","total",1788,1539,2262,1944
"61830","0",75,75,93,93
"61830","1",348,78,459,87
"61830","total",423,153,552,180
"61840","0",282,282,336,336
"61840","1",270,2142,438,2355
"61840","total",555,2421,774,2691
"61850","0",168,168,222,222
"61850","1",741,219,879,267
"61850","total",909,390,1101,489
"61860","0",162,162,198,198
"61860","1",654,93,798,99
"61860","total",819,255,999,297
"61880","0",1545,1545,1827,1827
"61880","1",912,660,1263,966
"61880","total",2457,2205,3090,2793
"61890","0",1746,1746,1998,1998
"61890","1",1011,357,1191,456
"61890","total",2757,2103,3189,2451
"61900","0",1815,1815,2253,2253
"61900","1",786,822,1158,1275
"61900","total",2601,2640,3411,3528
"61910","0",1812,1812,1860,1860
"61910","1",576,1161,717,1341
"61910","total",2388,2973,2577,3201
"61920","0",807,807,1146,1146
"61920","1",822,321,1326,507
"61920","total",1629,1131,2472,1650
"61940","0",423,423,492,492
"61940","1",318,354,345,486
"61940","total",738,777,840,978
"61950","0",3933,3933,5304,5304
"61950","1",642,903,1017,1605
"61950","total",4575,4833,6318,6906
"61960","0",3606,3606,3306,3306
"61960","1",1473,3030,1698,3270
"61960","total",5079,6636,5004,6573
"61970","0",1113,1113,1266,1266
"61970","1",1065,690,1143,1029
"61970","total",2178,1803,2409,2295
"61980","0",2268,2268,3837,3837
"61980","1",1884,2742,2418,3759
"61980","total",4149,5007,6252,7599
"61990","0",417,417,888,888
"61990","1",1815,177,2715,339
"61990","total",2232,591,3603,1227
"62000","0",1296,1296,1389,1389
"62000","1",2076,630,2541,738
"62000","total",3372,1926,3930,2127
"62010","0",762,762,918,918
"62010","1",1452,351,1755,411
"62010","total",2217,1113,2670,1326
"62030","0",243,243,291,291
"62030","1",1251,108,1467,120
"62030","total",1494,351,1758,411
"62040","0",390,390,477,477
"62040","1",1860,591,2061,681
"62040","total",2247,981,2541,1158
"62050","0",66,66,114,114
"62050","1",444,21,513,39
"62050","total",513,90,630,150
"62060","0",99,99,120,120
"62060","1",792,54,840,78
"62060","total",891,153,960,198
"62070","0",66,66,81,81
"62070","1",498,54,546,69
"62070","total",561,120,630,150
"62080","0",87,87,120,120
"62080","1",456,36,513,72
"62080","total",546,126,633,192
"62090","0",168,168,183,183
"62090","1",426,441,453,471
"62090","total",597,609,639,657
"62100","0",270,270,336,336
"62100","1",927,129,1011,123
"62100","total",1194,399,1350,459
"62110","0",333,333,417,417
"62110","1",1158,639,1362,822
"62110","total",1491,972,1779,1239
"62120","0",405,405,519,519
"62120","1",1530,609,1833,912
"62120","total",1932,1014,2352,1434
"62130","0",462,462,510,510
"62130","1",1350,876,1644,1050
"62130","total",1812,1335,2154,1557
"62140","0",150,150,225,225
"62140","1",1200,105,1293,102
"62140","total",1350,252,1518,330
"62150","0",225,225,270,270
"62150","1",1005,471,1068,696
"62150","total",1230,696,1341,969
"62160","0",144,144,189,189
"62160","1",876,687,1014,735
"62160","total",1020,831,1203,924
"62170","0",114,114,132,132
"62170","1",507,27,564,42
"62170","total",624,141,696,174
"62180","0",243,243,273,273
"62180","1",1506,348,1710,378
"62180","total",1749,591,1986,648
"62190","0",81,81,129,129
"62190","1",690,378,735,690
"62190","total",768,459,864,819
"62200","0",216,216,249,249
"62200","1",780,573,906,669
"62200","total",996,792,1152,915
"62210","0",954,954,1107,1107
"62210","1",1443,7071,2091,8775
"62210","total",2394,8028,3201,9882
"62220","0",1575,1575,1839,1839
"62220","1",1368,15426,1725,16503
"62220","total",2943,16998,3567,18345
"62230","0",225,225,303,303
"62230","1",1071,726,1164,789
"62230","total",1299,951,1467,1089
"62240","0",117,117,141,141
"62240","1",756,75,834,90
"62240","total",873,195,975,231
"62250","0",105,105,96,96
"62250","1",402,1584,492,1869
"62250","total",507,1689,585,1962
"62260","0",138,138,174,174
"62260","1",813,57,960,84
"62260","total",951,195,1137,261
"62270","0",201,201,243,243
"62270","1",1041,78,1155,75
"62270","total",1245,279,1395,318
"62280","0",123,123,147,147
"62280","1",804,219,873,192
"62280","total",927,342,1023,339
"62290","0",144,144,234,234
"62290","1",1140,318,1209,360
"62290","total",1284,465,1443,594
"62300","0",129,129,138,138
"62300","1",672,36,771,54
"62300","total",804,165,909,189
"62310","0",117,117,150,150
"62310","1",897,78,1005,81
"62310","total",1014,195,1152,231
"62320","0",243,243,324,324
"62320","1",504,4710,618,5319
"62320","total",747,4953,942,5643
"62330","0",159,159,180,180
"62330","1",939,225,1020,255
"62330","total",1095,378,1197,438
"62340","0",117,117,120,120
"62340","1",642,459,822,522
"62340","total",756,576,942,645
"62350","0",75,75,108,108
"62350","1",576,162,687,171
"62350","total",651,237,795,279
"62360","0",57,57,75,75
"62360","1",534,12,639,45
"62360","total",591,66,711,117
"62370","0",66,66,69,69
"62370","1",435,300,504,351
"62370","total",498,363,576,423
"62380","0",111,111,129,129
"62380","1",822,66,951,96
"62380","total",936,180,1080,225
"62390","0",291,291,360,360
"62390","1",1740,444,2061,504
"62390","total",2031,732,2421,864
"62400","0",54,54,87,87
"62400","1",594,51,600,51
"62400","total",648,105,687,135
"62410","0",99,99,132,132
"62410","1",603,84,699,75
"62410","total",702,183,834,210
"62420","0",66,66,84,84
"62420","1",624,78,732,90
"62420","total",687,138,816,174
"62430","0",177,177,267,267
"62430","1",873,273,918,297
"62430","total",1050,450,1185,567
"62440","0",1380,1380,1398,1398
"62440","1",273,102,384,210
"62440","total",1653,1485,1782,1608
"62450","0",1158,1158,1161,1161
"62450","1",522,360,915,561
"62450","total",1683,1521,2076,1725
"62460","0",1686,1686,1635,1635
"62460","1",447,930,588,1011
"62460","total",2133,2616,2220,2646
"62470","0",1596,1596,1773,1773
"62470","1",894,603,1044,750
"62470","total",2493,2202,2817,2523
"62490","0",1956,1956,2130,2130
"62490","1",117,93,219,273
"62490","total",2073,2046,2352,2406
"62500","0",-999,-999,-999,-999
"62500","1",-999,-999,-999,12
"62500","total",0,3,0,12
"62510","0",-999,-999,-999,-999
"62510","1",-999,42,-999,48
"62510","total",0,42,0,48
"62520","0",1698,1698,1716,1716
"62520","1",246,168,378,288
"62520","total",1944,1863,2094,2004
"62530","0",2820,2820,2760,2760
"62530","1",591,270,1020,381
"62530","total",3408,3087,3780,3141
"62540","0",2580,2580,2622,2622
"62540","1",963,861,1527,1935
"62540","total",3543,3441,4149,4560
"62550","0",2319,2319,2271,2271
"62550","1",831,483,1326,1326
"62550","total",3153,2805,3597,3597
"62560","0",159,159,234,234
"62560","1",-999,12,36,42
"62560","total",162,171,270,276
"62570","0",1350,1350,1284,1284
"62570","1",660,519,1005,846
"62570","total",2007,1869,2289,2130
"62580","0",2535,2535,2649,2649
"62580","1",552,966,1050,1191
"62580","total",3090,3501,3699,3843
"62590","0",1212,1212,1194,1194
"62590","1",1638,1686,2046,2349
"62590","total",2853,2898,3243,3546
"62600","0",642,642,615,615
"62600","1",363,10179,474,11031
"62600","total",1005,10818,1086,11646
"62610","0",237,237,291,291
"62610","1",993,765,1128,927
"62610","total",1230,1002,1419,1215
"62620","0",195,195,207,207
"62620","1",1071,840,1227,1032
"62620","total",1269,1035,1437,1239
"62630","0",150,150,159,159
"62630","1",840,225,933,234
"62630","total",990,375,1095,396
"62640","0",186,186,201,201
"62640","1",1005,282,1128,300
"62640","total",1194,471,1329,501
"62650","0",102,102,105,105
"62650","1",714,174,831,204
"62650","total",813,273,933,309
"62660","0",198,198,246,246
"62660","1",1182,438,1266,495
"62660","total",1380,639,1512,741
"62670","0",165,165,192,192
"62670","1",1053,408,1251,528
"62670","total",1221,573,1443,720
"62680","0",147,147,153,153
"62680","1",1056,141,1194,159
"62680","total",1203,288,1347,312
"62690","0",111,111,90,90
"62690","1",699,186,789,240
"62690","total",807,297,882,330
"62700","0",180,180,240,240
"62700","1",990,777,1269,894
"62700","total",1170,957,1512,1137
"62710","0",261,261,291,291
"62710","1",1314,108,1560,141
"62710","total",1578,369,1851,432
"62730","0",114,114,108,108
"62730","1",660,285,807,369
"62730","total",771,402,915,474
"62740","0",135,135,150,150
"62740","1",978,216,1188,216
"62740","total",1113,348,1338,369
"62750","0",93,93,102,102
"62750","1",636,213,795,243
"62750","total",729,306,894,348
"62760","0",174,174,237,237
"62760","1",1260,309,1467,348
"62760","total",1431,483,1701,585
"62770","0",93,93,126,126
"62770","1",516,1122,672,1545
"62770","total",612,1218,801,1671
"62780","0",75,75,102,102
"62780","1",792,36,933,24
"62780","total",870,111,1035,126
"62840","0",-999,-999,-999,-999
"62840","1",-999,-999,-999,27
"62840","total",0,3,0,27
